{
  "MAE": 0.7462608814239502,
  "MSE": 9.309274673461914,
  "RMSE": 3.0445469722225007,
  "R2": 0.9194944500923157
}