{
  "MAE": 0.3935520350933075,
  "MSE": 1.5212346315383911,
  "RMSE": 1.2234474317468615,
  "R2": 0.986903190612793
}