{
  "in_mean": [
    0.46027401089668274,
    5.299893856048584,
    29.972055435180664,
    50.13883972167969,
    16.61063003540039,
    16.624704360961914,
    0.4107668399810791,
    0.32124853134155273
  ],
  "in_std": [
    1.9148977994918823,
    11.642254829406738,
    470.1299743652344,
    534.0991821289062,
    40.8161735534668,
    40.65342712402344,
    0.7836602330207825,
    0.6595777869224548
  ],
  "t_mean": [
    2.1174824237823486,
    8.381760597229004
  ],
  "t_std": [
    13.39087963104248,
    5.733450412750244
  ],
  "target_cols": [
    0,
    1
  ],
  "edge_attr_key": null,
  "detected_edge_attr_key": "edge_features",
  "model_config": {
    "hidden": 96,
    "gcn_layers": 8,
    "dropout": 0.4
  }
}